bin_start,ticks,motor,event_rate,mean_vt,mean_val,curriculum_ticks,reafference_ticks
0,50,26,0.52,5.4766247306035,0.5597807739578192,50,0
50,50,33,0.66,5.554486523067442,0.5865968415783569,50,0
100,50,35,0.7,5.577791905946693,0.5899185034683593,50,0
150,50,36,0.72,5.5517206946604105,0.5927714040362814,50,0
200,50,35,0.7,5.456173173786851,0.6030706567427404,50,0
250,10,5,0.5,5.364044324608628,0.6119905090868956,10,0
