category,ticks,motor,event_rate,mean_vt,mean_val
L boundary,50,41,0.82,5.508992631291384,0.5915492526933238
overlap transfer,49,33,0.673469387755102,5.50438273745455,0.593403198332715
B overlap,51,33,0.6470588235294118,5.501824389724149,0.5869901006797247
Q chart,79,46,0.5822784810126582,5.5322325063998194,0.5795901029414128
L cycle close,31,17,0.5483870967741935,5.537951518321664,0.5918864987109684
