category,ticks,motor,event_rate,mean_vt,mean_val
B overlap,17,15,0.8823529411764706,5.417072530547869,0.5818232635391557
L boundary,17,12,0.7058823529411765,5.442246175089692,0.5901391906882792
overlap transfer,18,11,0.6111111111111112,5.411740051639704,0.5935361871201121
self consequence,152,92,0.6052631578947368,5.339989505737712,0.5917656648195292
L cycle close,15,7,0.4666666666666667,5.379731875045343,0.5914644765648757
Q chart,41,16,0.3902439024390244,5.465627658918291,0.5683046148392377
