source,ticks,motor,event_rate,mean_vt,mean_val
curriculum,108,61,0.5648148148148148,5.433393065432252,0.5812913837676879
reafference,152,92,0.6052631578947368,5.339989505737712,0.5917656648195292
