source,ticks,motor,event_rate,mean_vt,mean_val
curriculum,260,170,0.6538461538461539,5.517231902497428,0.5874108233847954
