bin_start,ticks,motor,event_rate,mean_vt,mean_val,curriculum_ticks,reafference_ticks
0,50,10,0.2,5.513808796818364,0.5597671987025717,40,10
50,50,16,0.32,5.570299527962856,0.5865979145167362,34,16
100,50,15,0.3,5.6146517339097635,0.5899448980349582,36,14
150,50,16,0.32,5.58453239559463,0.5927768129469807,33,17
200,50,13,0.26,5.4882630017374625,0.6030750321477509,37,13
250,10,5,0.5,5.427891740362239,0.61201493796185,6,4
