category,ticks,motor,event_rate,mean_vt,mean_val
overlap transfer,39,17,0.4358974358974359,5.539975438022452,0.5932542228895115
L boundary,35,14,0.4,5.543360080265586,0.5899074683665285
B overlap,40,12,0.3,5.5296769792423035,0.5863397589234268
Q chart,51,15,0.29411764705882354,5.572343524389826,0.5730012743958506
self consequence,74,16,0.21621621621621623,5.543443270869206,0.5925046548807325
L cycle close,21,1,0.047619047619047616,5.580411635938599,0.5915507761547275
