source,ticks,motor,event_rate,mean_vt,mean_val
curriculum,186,59,0.3172043010752688,5.551838108389543,0.585391923311259
reafference,74,16,0.21621621621621623,5.543443270869206,0.5925046548807325
