bin_start,ticks,motor,event_rate,mean_vt,mean_val,curriculum_ticks,reafference_ticks
0,50,26,0.52,5.41450625223559,0.5597651106798817,24,26
50,50,31,0.62,5.397305734589658,0.5866105746238585,20,30
100,50,31,0.62,5.4006082916141445,0.5899333762185013,20,30
150,50,30,0.6,5.400968683197826,0.5927829322865533,19,31
200,50,29,0.58,5.327699873583288,0.6030719877018789,22,28
250,10,6,0.6,5.143041417779022,0.6119651423945058,3,7
