metric,count,mean,std,min,5%,10%,25%,50%,75%,90%,95%,max
rank_margin,556.0,0.0008918805945690978,0.001168731839851742,0.0,0.00016391277313222501,0.00018718838691705,0.000230595469474725,0.0004397630691528,0.0009458437561988249,0.00237941741943355,0.0032161325216292754,0.0093774795532226
family_margin,58.0,0.004576287906745388,0.003329153544355512,5.0961971282958984e-05,0.0004626959562301636,0.0010110557079315186,0.0022984743118286133,0.003723651170730591,0.00627914071083073,0.00881253480911255,0.010002939403057095,0.016054213047027588
top1_family_count_in_top8,556.0,7.672661870503597,1.0555938172820372,1.0,4.0,7.0,8.0,8.0,8.0,8.0,8.0,8.0
unique_families_top8,556.0,1.1079136690647482,0.32194560520951504,1.0,1.0,1.0,1.0,1.0,1.0,2.0,2.0,3.0
rows,556.0,45.2068345323741,86.70514614265647,1.0,8.0,8.0,10.0,17.0,43.25,99.0,171.25,1051.0
score,556.0,0.6095243780304203,0.10609289499878562,0.410178542137146,0.47362748533487314,0.4922090023756027,0.5303560644388199,0.5892633199691772,0.670036256313324,0.765645444393158,0.8194687366485596,0.9229555130004884
cosine,556.0,0.6086053131617231,0.10590125188766308,0.410178542137146,0.472863532602787,0.4918009787797928,0.5300273448228836,0.587709367275238,0.6695902645587921,0.7619516849517822,0.8194687366485596,0.9229555130004884
