branch,witnesses,mean_rows,median_rows,mean_family_margin,median_family_margin,mean_unique_families_top8,median_top1_family_count_in_top8
category_formation,224,31.46875,15.5,0.00465821822484335,0.003673464059829712,1.1383928571428572,8.0
cross_domain_mapping,99,70.53535353535354,28.0,0.00444486311503819,0.004141688346862793,1.0707070707070707,8.0
hierarchy_ordering,86,49.16279069767442,21.0,0.003000612769808088,0.0023780465126037598,1.0930232558139534,8.0
missing_closure_analogy,147,46.7687074829932,16.0,0.0052542729037148616,0.004813820123672485,1.0952380952380953,8.0
